<?xml version="1.0" encoding="UTF-8"?>
<project-private xmlns="http://www.netbeans.org/ns/project-private/1">
    <editor-bookmarks xmlns="http://www.netbeans.org/ns/editor-bookmarks/2" lastBookmarkId="0"/>
    <open-files xmlns="http://www.netbeans.org/ns/projectui-open-files/2">
        <group>
            <file>file:/C:/Users/Administrateur/OneDrive%20-%20INP-HB/Desktop/PROJET_AG/src/projet_ag/Personne.java</file>
            <file>file:/C:/Users/Administrateur/OneDrive%20-%20INP-HB/Desktop/PROJET_AG/src/projet_ag/App.java</file>
            <file>file:/C:/Users/Administrateur/OneDrive%20-%20INP-HB/Desktop/PROJET_AG/src/projet_ag/Arbre.java</file>
            <file>file:/C:/Users/Administrateur/OneDrive%20-%20INP-HB/Desktop/PROJET_AG/src/projet_ag/PROJET_AG.java</file>
        </group>
    </open-files>
</project-private>
